source_version,pattern_name,pattern_type,instance_name,participant_roles,source_locations,intent_and_evidence,status_after_change,change_description
Original,Dynamic Guard Factory,Creational,Role-Based Guard Synthesis,Factory Function=rolesRestrict; Dynamic Product Class=RolesRestriceGuard; Product Interface=CanActivate; Dependency=UsersService,"Part2/code/src/flight/guards/roles.restrict.guard.ts:12-28; Part2/code/src/flight/flight.resolver.ts:86; Part2/code/src/booking/booking.resolver.ts:55,97,106",Parameterizes authorization guard generation by closing over allowed roles (...allowedRoles: string[]) to dynamically instantiate and register decorated CanActivate guard class instances via NestJS mixin(). Solves role duplication across GraphQL resolvers.,baseline,Initial baseline pattern collaboration identified in Part 1.
Original,Batch Loader,Architectural,User Entity Batch Loading,Batch Loader Provider=UserDataLoader; DataLoader Instance=userLoader; Target Repository=Repository<User>; Relational Resolver=BookingResolver.user,Part2/code/src/users/loaders/user.loader.ts:10-24; Part2/code/src/booking/booking.resolver.ts:114-117,Coalesces individual user ID lookups emitted during GraphQL field resolution ticks into a single SQL WHERE id IN (...) query via DataLoader. Solves GraphQL N+1 database query cascade when resolving booking user relations.,baseline,Initial baseline pattern collaboration identified in Part 1.
Original,Batch Loader,Architectural,Flight Entity Batch Loading,Batch Loader Provider=FlightDataLoader; DataLoader Instance=flightLoader; Target Repository=Repository<Flight>; Relational Resolver=BookingResolver.flight,Part2/code/src/flight/loaders/flight.loader.ts:7-23; Part2/code/src/booking/booking.resolver.ts:119-122,Collects flight ID fetch requests across request execution ticks and executes batch database queries via TypeORM In() operator. Eliminates N+1 relational database query overhead for flight field resolution.,baseline,Initial baseline pattern collaboration identified in Part 1.
Original,Batch Loader,Architectural,Seat Entity Batch Loading,Batch Loader Provider=SeatDataLoader; Single Loader Instance=seatLoader; Relation Loader Instance=seatManyLoader; Target Repository=Repository<Seat>; Relational Resolver=BookingResolver.seat,Part2/code/src/seat/loaders/seat.loader.ts:8-45; Part2/code/src/booking/booking.resolver.ts:124-127,Provides request-scoped batching infrastructure for seat entity retrieval and booking-seat relational mappings. Maps array of seat IDs and booking IDs to bulk SQL queries to prevent redundant database fetches.,baseline,Initial baseline pattern collaboration identified in Part 1.
Original,Producer-Consumer,Architectural,Async Email Processing Queue,Job Producers=SendGridService & UsersResolver; Queue Channel=BullMQ Queue 'email'; Consumer Worker=EmailProcessor,Part2/code/src/users/send-grid.service.ts:30-42; Part2/code/src/users/users.resolver.ts:78-81; Part2/code/src/app.module.ts:27-35; Part2/code/src/users/workers/email.worker.ts:8-25,"Decouples synchronous API endpoint execution from asynchronous, IO-heavy email delivery operations. Enqueues job payloads (sending-token-sendGrid, sending-token-mailtrap) into Redis BullMQ queue consumed by background worker EmailProcessor.",baseline,Initial baseline pattern collaboration identified in Part 1.
Change1,Dynamic Guard Factory,Creational,Role-Based Guard Synthesis,Factory Function=rolesRestrict; Dynamic Product Class=RolesRestriceGuard; Product Interface=CanActivate; Dependency=UsersService,"Part2/code/src/flight/guards/roles.restrict.guard.ts:12-28; Part2/code/src/flight/flight.resolver.ts:55-58,96; Part2/code/src/booking/booking.resolver.ts:56,99,108",Dynamically synthesizes authorization guard class closing over ADMIN and CREW roles to guard the newly added non-destructive cancelFlight mutation. Prevents unauthorized role access.,extended,"Extended to guard the new cancelFlight administrative mutation in FlightResolver using rolesRestrict(Role.ADMIN, Role.CREW)."
Change1,Batch Loader,Architectural,User Entity Batch Loading,Batch Loader Provider=UserDataLoader; DataLoader Instance=userLoader; Target Repository=Repository<User>; Relational Resolver=BookingResolver.user,Part2/code/src/users/loaders/user.loader.ts:10-24; Part2/code/src/booking/booking.resolver.ts:124-127,Coalesces individual user ID lookups emitted during GraphQL field resolution ticks into a single SQL WHERE id IN (...) query via DataLoader. Solves GraphQL N+1 database query cascade when resolving booking user relations.,preserved,Maintained identical batching mechanism for user relation resolution on bookings.
Change1,Batch Loader,Architectural,Flight Entity Batch Loading,Batch Loader Provider=FlightDataLoader; DataLoader Instance=flightLoader; Target Repository=Repository<Flight>; Relational Resolver=BookingResolver.flight,Part2/code/src/flight/loaders/flight.loader.ts:7-23; Part2/code/src/booking/booking.resolver.ts:129-132,Collects flight ID fetch requests across request execution ticks and executes batch database queries via TypeORM In() operator. Eliminates N+1 relational database query overhead for flight field resolution.,preserved,Preserved batch retrieval infrastructure; Flight entity now contains authoritative status field without changing loader collaboration.
Change1,Batch Loader,Architectural,Seat Entity Batch Loading,Batch Loader Provider=SeatDataLoader; Single Loader Instance=seatLoader; Relation Loader Instance=seatManyLoader; Target Repository=Repository<Seat>; Relational Resolver=BookingResolver.seat,Part2/code/src/seat/loaders/seat.loader.ts:8-45; Part2/code/src/booking/booking.resolver.ts:134-137,Provides request-scoped batching infrastructure for seat entity retrieval and booking-seat relational mappings. Maps array of seat IDs and booking IDs to bulk SQL queries to prevent redundant database fetches.,preserved,Preserved seat entity batch fetching and booking-to-seat mapping.
Change1,Producer-Consumer,Architectural,Async Email Processing Queue,"Job Producers=SendGridService, UsersResolver, FlightService; Queue Channel=BullMQ Queue 'email'; Consumer Worker=EmailProcessor",Part2/code/src/users/send-grid.service.ts:30-42; Part2/code/src/users/users.resolver.ts:78-81; Part2/code/src/flight/flight.service.ts:71-84; Part2/code/src/app.module.ts:27-35; Part2/code/src/users/workers/email.worker.ts:8-25,"Decouples synchronous API endpoint execution from asynchronous, IO-heavy email delivery operations. Enqueues job payloads into Redis BullMQ queue consumed by background worker EmailProcessor.",extended,Extended producer participants to include FlightService.cancelFlight which dispatches cancellation notices to affected passengers.
Change2,Dynamic Guard Factory,Creational,Role-Based Guard Synthesis,Factory Function=rolesRestrict; Dynamic Product Class=RolesRestriceGuard; Product Interface=CanActivate; Dependency=UsersService,"Part2/code/src/flight/guards/roles.restrict.guard.ts:12-28; Part2/code/src/flight/flight.resolver.ts:55-58,96; Part2/code/src/booking/booking.resolver.ts:56,99,108",Dynamically instantiates and registers decorated CanActivate guard class instances closing over allowed roles to protect flight and booking GraphQL operations.,preserved,Preserved existing guard synthesis collaboration across flight and booking operations during seat-class expansion.
Change2,Batch Loader,Architectural,User Entity Batch Loading,Batch Loader Provider=UserDataLoader; DataLoader Instance=userLoader; Target Repository=Repository<User>; Relational Resolver=BookingResolver.user,Part2/code/src/users/loaders/user.loader.ts:10-24; Part2/code/src/booking/booking.resolver.ts:124-127,Coalesces individual user ID lookups emitted during GraphQL field resolution ticks into a single SQL WHERE id IN (...) query via DataLoader. Solves GraphQL N+1 cascade.,preserved,Preserved user relation batch loading infrastructure.
Change2,Batch Loader,Architectural,Flight Entity Batch Loading,Batch Loader Provider=FlightDataLoader; DataLoader Instance=flightLoader; Target Repository=Repository<Flight>; Relational Resolver=BookingResolver.flight,Part2/code/src/flight/loaders/flight.loader.ts:7-23; Part2/code/src/booking/booking.resolver.ts:129-132,Collects flight ID fetch requests across request execution ticks and executes batch database queries via TypeORM In() operator. Eliminates N+1 overhead.,preserved,Preserved flight batch loader infrastructure.
Change2,Batch Loader,Architectural,Seat Entity Batch Loading,Batch Loader Provider=SeatDataLoader; Single Loader Instance=seatLoader; Relation Loader Instance=seatManyLoader; Target Repository=Repository<Seat>; Relational Resolver=BookingResolver.seat,Part2/code/src/seat/loaders/seat.loader.ts:8-45; Part2/code/src/booking/booking.resolver.ts:134-137,Provides request-scoped batching infrastructure for seat entity retrieval and booking-seat relational mappings. Resolves Seat entities now enriched with cabin seatClass.,preserved,Preserved seat loader collaboration; Seat entity schema gained seatClass property without altering loader implementation.
Change2,Producer-Consumer,Architectural,Async Email Processing Queue,"Job Producers=SendGridService, UsersResolver, FlightService; Queue Channel=BullMQ Queue 'email'; Consumer Worker=EmailProcessor",Part2/code/src/users/send-grid.service.ts:30-42; Part2/code/src/users/users.resolver.ts:78-81; Part2/code/src/flight/flight.service.ts:71-84; Part2/code/src/app.module.ts:27-35; Part2/code/src/users/workers/email.worker.ts:8-25,"Decouples synchronous API endpoint execution from asynchronous, IO-heavy email delivery operations via Redis BullMQ queue and EmailProcessor worker.",preserved,Preserved async messaging infrastructure across booking and cancellation notifications.
Change3,Dynamic Guard Factory,Creational,Role-Based Guard Synthesis,Factory Function=rolesRestrict; Dynamic Product Class=RolesRestriceGuard; Product Interface=CanActivate; Dependency=UsersService,"Part2/code/src/flight/guards/roles.restrict.guard.ts:12-28; Part2/code/src/flight/flight.resolver.ts:55-58,96; Part2/code/src/booking/booking.resolver.ts:56,99,108,116-123,125-132",Dynamically instantiates and registers decorated CanActivate guard class instances closing over allowed roles to protect newly added modifyBooking and updateBooking mutations.,extended,Extended to guard modifyBooking and updateBooking mutations for role USER in BookingResolver.
Change3,Batch Loader,Architectural,User Entity Batch Loading,Batch Loader Provider=UserDataLoader; DataLoader Instance=userLoader; Target Repository=Repository<User>; Relational Resolver=BookingResolver.user,Part2/code/src/users/loaders/user.loader.ts:10-24; Part2/code/src/booking/booking.resolver.ts:134-137,"Coalesces individual user ID lookups emitted during GraphQL field resolution ticks into a single SQL query, resolving user relation for modified bookings.",preserved,Preserved user relation batch loading for modified bookings.
Change3,Batch Loader,Architectural,Flight Entity Batch Loading,Batch Loader Provider=FlightDataLoader; DataLoader Instance=flightLoader; Target Repository=Repository<Flight>; Relational Resolver=BookingResolver.flight,Part2/code/src/flight/loaders/flight.loader.ts:7-23; Part2/code/src/booking/booking.resolver.ts:139-142,"Collects flight ID fetch requests and executes batch database queries, resolving transferred flights for modified bookings.",preserved,Preserved flight batch loader resolving updated flight relations upon booking transfers.
Change3,Batch Loader,Architectural,Seat Entity Batch Loading,Batch Loader Provider=SeatDataLoader; Single Loader Instance=seatLoader; Relation Loader Instance=seatManyLoader; Target Repository=Repository<Seat>; Relational Resolver=BookingResolver.seat,Part2/code/src/seat/loaders/seat.loader.ts:8-45; Part2/code/src/booking/booking.resolver.ts:144-147,"Provides request-scoped batching infrastructure for seat entity retrieval and booking-seat relational mappings, resolving newly allocated seats on modified bookings.",preserved,Preserved seat batch loader resolving newly assigned seats and classes on modified bookings.
Change3,Producer-Consumer,Architectural,Async Email Processing Queue,"Job Producers=SendGridService, UsersResolver, FlightService; Queue Channel=BullMQ Queue 'email'; Consumer Worker=EmailProcessor",Part2/code/src/users/send-grid.service.ts:30-42; Part2/code/src/users/users.resolver.ts:78-81; Part2/code/src/flight/flight.service.ts:71-84; Part2/code/src/app.module.ts:27-35; Part2/code/src/users/workers/email.worker.ts:8-25,"Decouples synchronous API endpoint execution from asynchronous, IO-heavy email delivery operations via Redis BullMQ queue and EmailProcessor worker.",preserved,"Preserved async messaging infrastructure across booking, modification, and cancellation lifecycles."
