"pattern_name","instance_name","language","snippet_path","source_loc","max_function_cc","runtime_compiler","test_command","test_result","median_process_ms","language_notes"
"Dynamic Guard Factory","Role-Based Guard Synthesis","Java","Part3/dynamic_guard_factory/java/RoleGuardFactory.java","19","2","Java 25.0.1 LTS / javac 25.0.1","java RoleGuardFactoryTest","7 passed 0 failed","78.3662","Reduced standalone implementation; timing includes JVM startup class loading and test execution; compilation excluded"
"Dynamic Guard Factory","Role-Based Guard Synthesis","Python","Part3/dynamic_guard_factory/python/role_guard_factory.py","9","2","Python 3.11.9","python test_role_guard_factory.py","7 passed 0 failed","34.3508","Reduced standalone implementation; timing includes Python process startup module loading and test execution"
"Dynamic Guard Factory","Role-Based Guard Synthesis","JavaScript","Part3/dynamic_guard_factory/javascript/roleGuardFactory.js","12","2","Node.js v22.12.0","node testRoleGuardFactory.js","7 passed 0 failed","41.5423","Reduced standalone implementation; timing includes Node.js process startup module loading and test execution"
"Dynamic Guard Factory","Role-Based Guard Synthesis","C++","Part3/dynamic_guard_factory/cpp/role_guard_factory.cpp","18","2","g++ (MSYS2) 14.2.0 / C++17",".\test_role_guard_factory.exe","7 passed 0 failed","7.6309","Reduced standalone implementation; timing includes executable startup and test execution; compilation excluded"
"Producer-Consumer","Async Email Processing Queue","Java","Part3/producer_consumer/java/ProducerConsumer.java","51","4","Java 25.0.1 LTS / javac 25.0.1","java ProducerConsumerTest","4 passed 0 failed","94.4393","Reduced standalone FIFO queue implementation; timing includes JVM startup class loading and test execution; compilation excluded"
"Producer-Consumer","Async Email Processing Queue","Python","Part3/producer_consumer/python/producer_consumer.py","24","4","Python 3.11.9","python test_producer_consumer.py","4 passed 0 failed","62.5046","Reduced standalone FIFO queue implementation; timing includes Python process startup module loading and test execution"
"Producer-Consumer","Async Email Processing Queue","JavaScript","Part3/producer_consumer/javascript/producerConsumer.js","38","4","Node.js v22.12.0","node testProducerConsumer.js","4 passed 0 failed","51.8063","Reduced standalone FIFO queue implementation; timing includes Node.js process startup module loading and test execution"
"Producer-Consumer","Async Email Processing Queue","C++","Part3/producer_consumer/cpp/producer_consumer.cpp","38","4","g++ (MSYS2) 14.2.0 / C++17",".\test_producer_consumer.exe","4 passed 0 failed","10.8482","Reduced standalone FIFO queue implementation; timing includes executable startup and test execution; compilation excluded"
"Batch Loader","User Entity Batch Loading","Java","Part3/batch_loader/java/BatchLoader.java","","","Java (javac)","java BatchLoaderTest","7 passed 0 failed","91.6325","Reduced standalone implementation; timing includes JVM startup and test execution; compilation excluded; one warmup and five measured runs"
"Batch Loader","User Entity Batch Loading","Python","Part3/batch_loader/python/batch_loader.py","","","Python","python test_batch_loader.py","7 passed 0 failed","23.8342","Reduced standalone implementation; timing includes Python startup and test execution; one warmup and five measured runs"
"Batch Loader","User Entity Batch Loading","JavaScript","Part3/batch_loader/javascript/batchLoader.js","","","Node.js","node testBatchLoader.js","7 passed 0 failed","41.2825","Reduced standalone implementation; timing includes Node.js startup and test execution; one warmup and five measured runs"
"Batch Loader","User Entity Batch Loading","C++","Part3/batch_loader/cpp/batch_loader.cpp","","","g++ -std=c++17 -O2","g++ -std=c++17 -O2 test_batch_loader.cpp -o batch_loader_test.exe; .\batch_loader_test.exe","7 passed 0 failed","11.2842","Reduced standalone implementation; timing includes executable startup and test execution; compilation excluded; one warmup and five measured runs"
